,5,6,37
1,A,Text Box1,
2,B,Text Box2,
3,C,Text Box3,
4,D,Text Box4,
5,E,Text Box5,
6,F,Text Box6,
7,G,Text Box7,
8,H,Text Box8,
9,I,Text Box9,
10,J,Text Box10,
11,K,Text Box11,
12,L,Text Box12,
13,M,Text Box13,
14,N,Text Box14,
15,O,Text Box15,
16,P,Text Box16,
17,Q,Text Box17,
18,R,Text Box18,
19,S,Text Box19,
20,T,Text Box20,
21,U,Text Box21,
22,V,Text Box22,
23,W,Text Box23,
24,X,Text Box24,
25,Y,Text Box25,
26,Z,Text Box26,
27,A,Text Box27,
28,B,Text Box28,
29,A,Text Box29,
30,B,Text Box30,
31,A,Text Box31,
32,B,Text Box32,
33,A,Text Box33,
34,B,Text Box34,
35,A,Text Box35,
36,B,Text Box36,
37,A,Text Box37,